time,label,state,wp_or_human_idx,goal_x,goal_y,amcl_x,amcl_y,amcl_yaw
1.76541e+09,PHASE1_GOAL_SENT,Waiting for Map and Pose,0,0,-1,2.16448,-21.6808,0.00737415
1.76541e+09,PHASE1_GOAL_REACHED,Going to 1st Human,0,0,0,0.113992,-0.989203,-0.4434
1.76541e+09,PHASE1_GOAL_SENT,Checking 1st Human,1,-13,15,0.0804103,-0.97586,-0.242974
1.76541e+09,PHASE1_GOAL_REACHED,Going to 2nd Human,1,0,0,-12.9254,15.0719,-0.384662
1.76541e+09,SEARCH_WP_GOAL_SENT,Waiting for Costmap,0,-13,8,-12.9254,15.0719,-0.384662
1.76541e+09,SEARCH_WP_GOAL_REACHED,Search Going to Waypoint,0,0,0,-12.9327,7.96003,-0.306358
1.76541e+09,SEARCH_SPIN_START,Search Spinning at Waypoint,0,0,0,-12.9327,7.96003,-0.306358
1.76541e+09,SEARCH_SPIN_DONE,Search Spinning at Waypoint,0,0,0,-12.9024,7.85023,-0.620481
1.76541e+09,SEARCH_WP_GOAL_SENT,Search Spinning at Waypoint,1,-13,22,-12.9024,7.85023,-0.620481
1.76541e+09,SEARCH_WP_GOAL_REACHED,Search Going to Waypoint,1,0,0,-12.975,22.0555,0.41794
1.76541e+09,SEARCH_SPIN_START,Search Spinning at Waypoint,1,0,0,-12.975,22.0555,0.41794
1.76541e+09,SEARCH_SPIN_DONE,Search Spinning at Waypoint,1,0,0,-12.9727,22.4049,-0.257703
1.76541e+09,SEARCH_WP_GOAL_SENT,Search Spinning at Waypoint,2,-7,20,-12.9727,22.4049,-0.257703
1.76541e+09,SEARCH_WP_GOAL_REACHED,Search Going to Waypoint,2,0,0,-6.97311,20.1753,-0.424841
1.76541e+09,SEARCH_SPIN_START,Search Spinning at Waypoint,2,0,0,-6.97311,20.1753,-0.424841
1.76541e+09,SEARCH_SPIN_DONE,Search Spinning at Waypoint,2,0,0,-6.71358,20.1795,-0.604113
1.76541e+09,SEARCH_WP_GOAL_SENT,Search Spinning at Waypoint,3,3,22,-6.71358,20.1795,-0.604113
1.76541e+09,SEARCH_WP_GOAL_REACHED,Search Going to Waypoint,3,0,0,2.56374,22.1629,-0.348471
1.76541e+09,SEARCH_SPIN_START,Search Spinning at Waypoint,3,0,0,2.89801,22.0583,-0.254186
1.76541e+09,SEARCH_SPIN_DONE,Search Spinning at Waypoint,3,0,0,2.94377,22.0459,-0.825982
1.76541e+09,SEARCH_WP_GOAL_SENT,Search Spinning at Waypoint,4,12,17,2.94377,22.0459,-0.825982
1.76541e+09,SEARCH_WP_GOAL_REACHED,Search Going to Waypoint,4,0,0,11.9892,17.0169,-0.331711
1.76541e+09,SEARCH_SPIN_START,Search Spinning at Waypoint,4,0,0,11.9892,17.0169,-0.331711
1.76541e+09,SEARCH_SPIN_DONE,Search Spinning at Waypoint,4,0,0,12.11,17.0312,-0.820011
1.76541e+09,SEARCH_WP_GOAL_SENT,Search Spinning at Waypoint,5,-9,11,12.11,17.0312,-0.820011
1.76541e+09,SEARCH_WP_GOAL_REACHED,Search Going to Waypoint,5,0,0,-8.99906,10.9267,-0.426601
1.76541e+09,SEARCH_SPIN_START,Search Spinning at Waypoint,5,0,0,-8.99906,10.9267,-0.426601
1.76541e+09,SEARCH_SPIN_DONE,Search Spinning at Waypoint,5,0,0,-9.00651,10.9469,-0.543549
1.76541e+09,SEARCH_WP_GOAL_SENT,Search Spinning at Waypoint,6,-12,2,-9.00651,10.9469,-0.543549
1.76541e+09,SEARCH_WP_GOAL_REACHED,Search Going to Waypoint,6,0,0,-11.9355,1.87601,-0.427379
1.76541e+09,SEARCH_SPIN_START,Search Spinning at Waypoint,6,0,0,-11.9355,1.87601,-0.427379
1.76541e+09,SEARCH_SPIN_DONE,Search Spinning at Waypoint,6,0,0,-11.9894,1.87907,-0.629162
1.76541e+09,SEARCH_WP_GOAL_SENT,Search Spinning at Waypoint,7,-12,-13,-11.9894,1.87907,-0.629162
1.76541e+09,SEARCH_WP_GOAL_REACHED,Search Going to Waypoint,7,0,0,-11.926,-12.9616,-0.37896
1.76541e+09,SEARCH_SPIN_START,Search Spinning at Waypoint,7,0,0,-11.926,-12.9616,-0.37896
1.76541e+09,SEARCH_SPIN_DONE,Search Spinning at Waypoint,7,0,0,-11.9272,-13.0177,-0.743983
1.76541e+09,SEARCH_WP_GOAL_SENT,Search Spinning at Waypoint,8,-4,-18,-11.9272,-13.0177,-0.743983
1.76541e+09,SEARCH_WP_GOAL_REACHED,Search Going to Waypoint,8,0,0,-3.99258,-18.0741,0.4919
1.76541e+09,SEARCH_SPIN_START,Search Spinning at Waypoint,8,0,0,-3.93879,-18.0422,0.277696
1.76541e+09,SEARCH_SPIN_DONE,Search Spinning at Waypoint,8,0,0,-3.92121,-17.8523,-0.179417
1.76541e+09,SEARCH_WP_GOAL_SENT,Search Spinning at Waypoint,9,-5,-3,-3.92121,-17.8523,-0.179417
1.76541e+09,SEARCH_WP_GOAL_REACHED,Search Going to Waypoint,9,0,0,-4.90478,-2.89081,0.378655
1.76541e+09,SEARCH_SPIN_START,Search Spinning at Waypoint,9,0,0,-4.90478,-2.89081,0.378655
1.76541e+09,SEARCH_SPIN_DONE,Search Spinning at Waypoint,9,0,0,-4.94636,-2.86555,-0.354372
1.76541e+09,SEARCH_WP_GOAL_SENT,Search Spinning at Waypoint,10,2,-4,-4.94636,-2.86555,-0.354372
1.76541e+09,SEARCH_WP_GOAL_REACHED,Search Going to Waypoint,10,0,0,1.75968,-3.88919,-0.194655
1.76541e+09,SEARCH_SPIN_START,Search Spinning at Waypoint,10,0,0,1.75968,-3.88919,-0.194655
1.76541e+09,SEARCH_SPIN_DONE,Search Spinning at Waypoint,10,0,0,1.89513,-3.93402,-0.760193
1.76541e+09,SEARCH_WP_GOAL_SENT,Search Spinning at Waypoint,11,9,-24,1.89513,-3.93402,-0.760193
1.76541e+09,SEARCH_WP_GOAL_REACHED,Search Going to Waypoint,11,0,0,8.94028,-23.9418,-0.398605
1.76541e+09,SEARCH_SPIN_START,Search Spinning at Waypoint,11,0,0,8.94028,-23.9418,-0.398605
1.76541e+09,SEARCH_SPIN_DONE,Search Spinning at Waypoint,11,0,0,9.08272,-23.966,-0.833302
1.76541e+09,SEARCH_WP_GOAL_SENT,Search Spinning at Waypoint,12,10,-18,9.08272,-23.966,-0.833302
1.76541e+09,SEARCH_WP_GOAL_REACHED,Search Going to Waypoint,12,0,0,10.0721,-18.0438,0.288328
1.76541e+09,SEARCH_SPIN_START,Search Spinning at Waypoint,12,0,0,10.0721,-18.0438,0.288328
1.76541e+09,SEARCH_SPIN_DONE,Search Spinning at Waypoint,12,0,0,10.0381,-18.027,-0.228716
1.76541e+09,SEARCH_WP_GOAL_SENT,Search Spinning at Waypoint,13,11,-10,10.0381,-18.027,-0.228716
1.76541e+09,SEARCH_WP_GOAL_REACHED,Search Going to Waypoint,13,0,0,11.0712,-10.0286,0.466442
1.76541e+09,SEARCH_SPIN_START,Search Spinning at Waypoint,13,0,0,11.0726,-10.0037,0.260009
1.76541e+09,SEARCH_SPIN_DONE,Search Spinning at Waypoint,13,0,0,11.0476,-9.93027,-0.347389
1.76541e+09,SEARCH_WP_GOAL_SENT,Search Spinning at Waypoint,14,11,0,11.0476,-9.93027,-0.347389
1.76541e+09,SEARCH_WP_GOAL_REACHED,Search Going to Waypoint,14,0,0,10.9861,0.0822239,0.3877
1.76541e+09,SEARCH_SPIN_START,Search Spinning at Waypoint,14,0,0,10.9523,0.0733435,0.188224
1.76541e+09,SEARCH_SPIN_DONE,Search Spinning at Waypoint,14,0,0,10.9408,0.0762405,-0.175219
1.76541e+09,SEARCH_WP_GOAL_SENT,Search Spinning at Waypoint,15,4,4,10.9408,0.0762405,-0.175219
1.76541e+09,SEARCH_WP_GOAL_REACHED,Search Going to Waypoint,15,0,0,3.97244,3.99561,0.491458
1.76541e+09,SEARCH_SPIN_START,Search Spinning at Waypoint,15,0,0,3.9912,4.01382,0.276324
1.76541e+09,SEARCH_SPIN_DONE,Search Spinning at Waypoint,15,0,0,3.94773,3.99306,-0.409697
1.76541e+09,SEARCH_WP_GOAL_SENT,Search Spinning at Waypoint,16,14,8,3.94773,3.99306,-0.409697
1.76541e+09,SEARCH_WP_GOAL_REACHED,Search Going to Waypoint,16,0,0,13.9991,7.94513,0.408809
1.76541e+09,SEARCH_SPIN_START,Search Spinning at Waypoint,16,0,0,13.9991,7.94513,0.408809
1.76541e+09,SEARCH_SPIN_DONE,Search Spinning at Waypoint,16,0,0,14.1694,7.94364,-0.491972
